Frage,Antwort,Falsch1,Falsch2,Falsch3
Für welches Element steht die Abkürzung AU,Gold,Silber,Mais,Eisen
Wann wurde Donald Trump Präsident?,2016,2017,2014,2010
Welcher Vogel legt seine Eier in fremde Nester?,Kuck Kuck,Elster,Adler,Taube
Welcher ist der Grösste Vogel?,Strauss,Adler,Storch,Emu
Welches ist das schnellste Tier?,Gepard,Huhn,Pferd,Löwe
Wie heisst der Schweizer Nationalzirkus?,Knie,Ellbogen,Nase,Fuss
Was ist das Grösste Grass?,Bambus,Klee,Spitzgrass,Pampas gras
Wie alt wird das Universum geschätzt?,13.8 Mrd. Jahre,10.8 Mrd. Jahre,18.8 Mrd. Jahre,3.8 Mrd. Jahre
Wer war der Letzte US Präsident der im Amt ermordet wurde?,JF. Kennedy,Abraham Lincoln,Ronald Reagen,Jimmy Carter
Wie viele Finger haben die Charaktäre aus den Simpsons,4,5,3,6
Wann kam der Originale Schneewitchen Film heraus?,1937,1927,1954,1945
Bei welcher Stadt liegt die Golden Gate Bridge?,San Francisco,Berlin,New York,Kalifornien
Wie heisst die einzige Exklave Deutschlands?,Büsingen,Stühlingen,Rüdlingen,Pabloingen
Wie heisst die Verganheits form im Französischen?,Passer Compose,Passe Simple,Passe L'Amour,Passe 'Circe
Wie heisst der Gründer von Zirkus Knie,Friedrich Knie,Karl Knie,Charles Knie,Freddy Knie
Wie viele Einwohner hat die Schweiz?,8,6 Millionen,9,6 Millionen,5,6 Millionen,11,6 Millionen
Welches ist das Kleinste Land?,Schweiz,Deutschland,Oesterreich,Polen
Wie heisst die Legendäre Hauptstrasse der USA?,Route 66,Route 101,Route 69,Mexico Freeway
Welches ist das grösste Volksfest?,Oktober Fest,November Fest,Karneval,Pabloval
Wo ist das grösste Kürbis fest der Schweiz?,Richterswil,Pablowil,Schleitheim,Rudolfingen
Welcher ist der leichteste Vogel?,Kolibri,Taube,Kanarien Vogel,Wellensittich
Welcher ist der grösste See, welcher ganz in der Schweiz liegt.,Neuenburger See,Vierwald Städter See,Bodensee,Sempacher See
Welche ist die Steak Hauptstadt?,Amarillo,Tulsa,Tampa,Amerika
Welche ist die Country Hauptstadt der USA?,Nashville,Buffalo,Cheffield,Pabloville
Welches ist der Kartoffel Staat?,Idaho,Kansas,Florida,New Haverbrook
Wo ist der Hauptsitz der NASA?,Houston,Rillo,Florida,Pablido
Was ist die einwohner stärkste Stadt von den USA?,New York,Los Angeles,Atlanta,MIno Coco
was ist die hauptstadt von nicaragua?,Managua,Trinidad,marshville,landtown
Wie viele knochen hat der Menschliche Körper?,206,300,187,240
Wie lauten die vier P's des Marketings?,Product, Price, Place, Promotion,Product, Palace, Place, Promotion,Product, Price, Place, Prototype,Party, Price, Place, Promotion
Wenn ein Unternehmen bei der Preisbestimmung auf seine Konkurrenz achtet wie nennt man das?,Wettbewerbsorientiert,Kostenorientiert,Landorientiert,Kongruenzorientiert
Welche drei Komponenten gehören zum Kongruenzprinzip?,Kompetenz, Verantwortung und Aufgaben,Kompetenz, Verantwortung und Artischoken,Kompetenz, Vertrieb und Aufgaben,Kontrolle, Verantwortung und Aufgaben
Was ist ein Organigramm?,Eine graphische Darstellung vom Aufbau einer Firma,Ein Werkezeug um den Teufel herauf zu beschwören.,Eine Graphik die Lineare Entwicklungen vergleicht.,Eine Coole Quiz Platform.
Was ist die Inflation?,Wertverlust der Währung,Gewinn,Umsatz,Ornitologische Prinzipien
Wie heisst das Südlichste Land Afrikas?,Süd Afrika,Sudan,Kongo,Israel
Wie heisst der Fluss der durch Egypten fliesst?,Nil,Po,Mao Ze dong,Mara
Wie cool ist quuli.ch?,99999999999%,100%,10%,75.387237%
Welches dieser Länder liegt auf dem Äquator?,Kenia,Marokko,Algerien,Kanada
Wie heisst der Australische Wildhund?,Dingo,Gringo,Mandingo,Pablingo
Welches Land liegt in Ozeanien ?,Tonga,St.kitts,Seychellen,Malediven
Welches dieser Antworten ist ein Eigenständiges Land?,Kap verde,Bali,Grönland,Nieu
wo ist juan?,auf dem Balkon,Auf der weide,Im Pferde Stall,Vor deiner Haustür
Welches dieser Antworten ist ein Eigenständiges Land?,Marshallinseln,Mayotte,Guam,Kaimaninseln
Welche Antwort ist ein Eigenständiges Land?,Kiribati,Turks - Caicosinseln,Bermuda,Nördlicher Marianen
Was ist eine Stelle?,Kleinste Organisatorische Einheit,Eine Maus,CL Server Persisteten Dateien,Abteilung Innendienst im Fachbereich Microsoft Edge
Was ist Microsoft Edge?,Eine Betriebssystem,Ein Browser,Eine Maus,Ein Mädchen welches keine Ahnung hat
Was ist die Hauptstadt Deutschlands?,Berlin,Bern,Stuttgart,Strasbourg
Wann wurde die Schweiz gegründet?,1848,1737,1291,1920
Welche Antwort ist keine vollständige eigene Insel?,Brunei,Aruba,Bahrain,Bonaire
Welche der Antworten ist kein Autonomes Land im Königreich Niederlande?,Bonaire,Aruba,Niederlande,SintMaarten
Welche der Antworten ist keine Provinz in Niederlande?,Aruba,Saba,Bonaire,Sint Eustatius
Welche Provinz in Niederlande ist in Europa?,Zeeland,Bonaire,Saba,Sint  Maarten
Spitzbergen gehört zu?,Norwegen,Grönland,Schweden,Dänemark
Färöer gehört zu?,Dänemark,Königreich Grossbritanien,Vereinigtes Königreich Großbritannien und Irland,Vereinigtes Königreich
Welches Königreich Existiert heute?,Vereinigtes Königreich,Vereinigtes Königreich Großbritannien und Irland,Königreich Großbritannien,Königreich England
Lesotho ist von welchem Land vollumfänglich eingeschlossen?,Südafrika,Sambia,Mosambik,Namibia
Ist Cockburn Town eine Reale Haupstadt?,ja, von Turk - Caicosinseln,ja, von Britische Jungferninseln,nein, ist frei erfunden,ja, ist aber keine Haupstadt
Papeete ist?,die Haupstadt Polynesien,da um wände zu verschönern (Indien),ein Musik Instrument,ein Nationalgerichts Samoa`s
who the fuck is Rolf?,heisser stepdad,ein renntier,eine Bushaltestelle,eine Fishermans Friend Sorte
who the fuck is Rolf?,heisser stepdad,ein renntier,eine Bushaltestelle,eine Fishermans Friend Sorte
Wer ist der grösste Spast in der Klasse?,Natalie,Nat,Nat,Nat
Wo ist der Ärmelkanal?,zwischen England und Frankreich,Zwischen Handballen und Ellbogen (unter der Haut),Ein Abschnitt im alten Londoner Untergrund,Eine Passage im Corinth Kanal
Welches Land liegt nicht in Zentral Amerika?,Ecuador,Nicaragua,Costa Rica ,Panama
Pago Pago ist ?,eine Hauptstadt,Stadtteil Bogotas,Gericht in Bolivien,Clanname Brasiliens
Welche der Antworten ist ein Land?,Kap Verde,Kap Horn,Kap Grenada,Kap Gibralta
Welches der Länder gehört zu Afrika?,Eswatini,Brunei,Kiribati,Dominica
Sao Tome liegt in?,Afrika,Asien,Zentral Amerika,Ozeanien
Welche Farbe hat der Himmel?,Blau,Grün,Rot,Gelb
Welches Land liegt nicht in Afrika?,Belize,Benin,Gambia,Togo
Mali liegt in welchem Kontinent?,Afrika,Asien ,Ozeanien,Karibik
In welchem Abstand findet die WM statt?,4 Jahre,6 Monate,2 Jahre,5 Jahre
Welche passé composé Form ist richtig?,Je suis mort,Tu as mange,Nous nous lavé,Ils ont deshabillié
Wann war der 2. Weltkrieg zu Ende?,1945,1899,1845,1942
Was ist das grösste Tier der Welt?,Blauwal,Triceratops,Kanadische Giraffe,Indischer Riesenflughund
Wer sind Harry Potters beste Freunde?,Hermine, Ron,Malfoy, Myrte,Hagrid, Dumbledore,Snape, McGonagall
Welches Organ kann man ohne Sorgen entnehmen?,Blinddarm,Zwölffingerdarm,Herz,Darm
Wer in der Harry Potter Welt hat keine Nase?,Lord Voldemort,Severus Snape,Minerva McGonagall,Albus Dumbledore
Welche Beere juckt, wenn man sie anfässt?,Hagebutte,Stachelbeere,Drachenfrucht,Heidelbeere
Wie schreibt man Quuli?,Quuli,Schwuuli,Quoli,iluuQ
Wer ist die intelligenteste Person in MED21/25?,Bianca,sismax,Emil,Nuttalie
Was ist Malware?,ein Schadprogramm,Eine Ware um Dinge zu mahlen,Ein PDF Programm,Ein Betriebssystem
Aus wie viel Prozent PET besteht PET?,100%,99.23%,67.9%,11.6%
Wie nennt man den Arbeitsspeicher in einem Computer?,RAM,CPU,GPU,Festplatte
Wer hat ein Glas voll mit Dreck?,Captain Jack Sparrow,Harry Potter,James Bond,Garfield
Was kann man nicht benutzen um eine Website zu erstellen?,PDF,HTML,CSS,Flexbox
Wie sieht der Befehl für einen Textabschnitt in HTML aus?,<p> </p>,<t> </t>,<a> </a>,<pg> </pg>
Horton hört ein ...?,Hu!,Bu!,Juhu!,Buhu!
Frag doch mal die ...?,Maus,Kuh,Ziege,Ratte
Mit welcher Farbe darf man in der Schule nicht schreiben?,Rot,Schwarz,Blau,Silbern
Wasbedeutet TW?,Trigger Warnung,Teure Währung,Tinten Weide,Tauben Weite
Aus was besteht Papier?,Baum,Schleifpapier,Baumwollfasern,Sandstein
Wer ist cooler wie quuli.ch?,Biancas Freunde,Alle ausser Maxim,Bianca,Rolf
Frage?,Richtige Antwort,Erste falsche Antwort,Zweite Falsche Antwort,Dritte falsche Antwort
Wie cool ist Maxim?,alle antworten sind gleich,zu 0%,etwa so sehr wie quuli.ch,gar nicht
Auf welcher Flagge Kann man kein Tier sehen?,Kenia,Albanien,Sri lanka,Bhutan
Was ist besser Flexbox oder css?,html,1,Fleckbock,css
Ist natalie cool?,nein sie ist abschaum,nee,nicht wirklich,nein 
Wie heisst Biancas Kind?,trick question sie kriegt zwillinge,susej,Rolf,juan
Welches Lebensmittel besteht prozentmässig am meisten aus Wasser?,Gurke,Tomate,Vollkornbrot,Karotte
Wie nennt man Dwayne Johnson auch?,The Rock,The Hill,The Mountain,The Stein
Webseite =?,Webpage,Website,Webdesign,Webidentity
Welche Farbe erkennt der homo sapiens am schnellsten?,Rot,Blau,Grün,Gelb
Welche Eigenschaft hat eine Banane?,Sie enthält viel Kalium,Sie ist nicht krumm,Sie ist rot,Sie enthält viel Vitamin AB3
Was bedeutet das Logo des Autos: VW ?,Volkswagen,Vollwertige Wartung,Versuch wegzurennen,Viel Wert
Hauptstadt von Grönland?,Nuuk,Narsaq,Illuniut,Paarmiut
Welche Redewendung stimmt nicht?,Ich habe das Haar verloren,Es ist noch nie ein Meister vom Himmel gefallen.,Den Nagel auf den Kopf treffen.,Wie die Faust auf's Auge.
Was gibt 9 * 9?,81,76,51,101
Was ergibt 5 + 2 * 10?,25,100,70,52
Haupstadt von Brasilien?,Brasilia,Rio de janeiro,sao paulo,salvador
Welches Wort ist falsch geschrieben?,triumpfierend,projizieren,Emanzipation,Symmetrie
Was ist Darth Vader?,Lukes Vater,Ein Goblin,Der Zweite Auserwählte,Anakin Floorwalker
Wie macht der Fuchs?,Ringdingdingding,Tututut,Haphaphap,Rowrowrow
Welche Antwort ist ein Eigeständiges Land?,Salomonen,Polynesein,Cookinseln,Mikronesien
Ein Land liegt nicht in der Karibik?,tuvalu,st.kitts,grenada,antigua
wa-pa-pa-pa-pa-pa-pow?,Fuchs,SG510,Gawk,Bauch Trommler
Wann starb JF Kennedy?,1963,1968,1956,1972
Wann machte man sich Sorgen das alle Computer explodieren würden?,1999,1899,2007,2001
Wann machte man sich Sorgen das alle Computer explodieren würden?,1999,1899,2007,2001
Was bedeutet LCD?,Liquid Crystal Display,Lies cause Dead,Last Call Done,Liquid Cinnamon Display
Für was steht das chemische Symbol AG?,Silber,Eisen,Gold,Helium
Für was steht das chemische Symbol He?,Helium,Wasserstoff,Eisen,Neon
Für was steht das chemische Symbol H?,Wasserstoff,Helium,Rodium,Xenon
Aus welcher Stadt kommt das Corona Virus?,Wuhan,Tokio,New York,Shanghai
Welches der folgenden Lebensmitteln ist kein Gemüse?,Tomate,Karotte,Peperoni,Brokkoli
Welches Tier repräsentiert den Kanton Schaffhausen?,Steinbock,Stier,Ziege,Schaf
Welche Farbe entsteht, wenn man Gelb und Violett mischt?,Braun,Rot,Orange,Blau
Wer hat die Mona Lisa gemalt?,Leonardo da Vinci,Pablo Picasso,Leonardo di Caprio,Vincent van Gogh
Wie viele Tage hat der September?,30,31,29,28
welches ist der kälteste See?,Baikalsee,Eriesee,Lake Thaoe,Murtensee
Wie viel liter ist eine Gallone?,3.86,5,3.14,1.2
Wie viele meter stecken in einer Meile?,1600,1500,1680,1392
Aus welcher Serie ist Sheldon Cooper bekannt?,The Big Bang Theory,Better Call Saul,Alle unter einem Dach,The Office
Aus welcher Serie kommt der Spruch I am the one who knocks?,Breaking Bad,Better Call Saul,Urkel und Greed,Legende des Westens
Was bedeutet der Begriff KI?,Künstliche Intelligenz,Kanne Internet,Karotten Intermezzo,Kool Ivory
Von welchem Unternehmen stammt die Xbox?,Microsoft,Sony,Samsung,Dell
Wie viele Länder grenzen an die Schweiz?,5,6,4,7
Wie hiess der General der Schweizer Armee währenddem 2ten Weltkrieg?,Henry Guisan,Pablo Mann,Fridolin Merten,Hans Redinger
Welche von diesen Personen war ein internationaler Drogenbaron während den 80ern und 90ern?,Pablo Escobar,Angelo Merte,Coronel Brahim,Hola Perseiver
Aus welcher Serie kennt man Walter White?,Breaking Bad,Better Call Saul,Legende des Westens,Haus des Geldes
Von welcher Filmreihe stammt der Charakter Katniss Everdeen?,Tribute von Panem,Maze Runner,Die Bestimmung,Fluch der Karibik
Von welcher Serie stammt der Charakter Rick Grimes?,The Walking Dead,Game of Thrones,Sherlock,Breaking Bad
Welches Schmuckstück musste Frodo Beutlin in das Feuer von Mordor werfen?,Ring,Halskette,Armreif,Ohrring
Welche Mischung erzeugt ein unaufhaltsames Schäumen?,Cola & Mentos,Orangensaft & Milch,Zitronensaft & Rahm,Brennsprit & Sprite
Was ist x? 4x + 8 = 28x?,x = 1/3,x = 4/5,x = 2,x = 6
\?,Backslash,Bäcksläsh,slash,forwardslash
Wie nennt man das @ auf französisch?,arobase,acrobase,ät,arobastart
Wann fuhr Christof Kolumbus nach Amerika?,1492,1390,1522,1780
Welche Farbe hat Maxims Uhr?,Blau,Schwarz,Grau,Rot
Wer ist der beste Lehrer?,Garigliano,Keller,Gibeaux,Liechti
Welcher Ball ist der grösse?,Medizinball,Fussball,Tennisball,Pingpongball
Was ist Maxims Lieblingshemd?,Blau,Braun,Geblumt,Pink
Welcher Lebensmittel gibt es auch als Filmtitel?,Kartoffelsalat,Karottensalat,Nüsschensalat,Wurstsalat
Was ist Juans Beruf?,Balkonsteher,Türsteher,Fenstersteher,Hintergeher
Was bedeutet Anglizismus ?,Eingedeutschtes Wort aus dem Englischen,Ein anderer Begriff für die Sprache Englisch,das Geräusch das Schlangen ausstossen,Eine Schlangenart
Welcher ist der beste Tag in der Woche?,Samstag,Montag,Mittwoch,Freitag
Was ist cringe?,Afrika,Afroafrika,Afrafika,Affen
Wo und wie starb Adolf Hitler?,In seinem Bunker per Headshot,Auf dem Schlachtfeld wegen einer Granate,In einem Konferenzraum mit einer Attentatbombe,In einem Panzer auf der Flucht vor den Aliierten
Wie cool ist beethoven?,Beethoven,10/10,8/10,0/10
Meldung zu wem die Afrikafragen macht:?,HÖR UF MAN!!,toll,kuhhhhl,nice
Auf welchem Kontinent liegt Brasilien?,Südamerika,Nordamerika,Afrika,Europa
Welches Lebensmittel ist auch ein Liedtitel?,Kartoffelsalat,Wurstsalat,Hörnlisalat,Wassersalat
Welche Waffe beherrscht Katniss Everdeen am besten?,Pfeilbogen,Doppelschwert,Lanze,Armbrust
Was ist endoplasmatisches Retikulum?,Ein Kanalsystem in Zellen.,En Medikament, um Furunkel zu heilen.,Unglaubliche Handlung auf Latein,Ein Schlachtruf, der alten Römer
Was ist ein Argentavis?,Ein grosser Adler aus der Dinosaurier Zeit.,ein Reptil,der Fachbegriff für ein Krokodil,Der Bruder von Rolf welcher Juan geheiratet hat.
Wie lange braucht das Licht der Sonne bis zur Erde?,ca. 8 Minuten,ca. 10 Sekunden,ca. 3 Stunden,ca. 4 Milisekunden
Wo verschwenden wir am meisten Zeit?,auf dem Balkon,bei Herrn Iff,bei Herrn Antabrink,im Grab
Was ist der grösste Wordporn?,Anta: man soll es in der Familie nicht übertreiben!,Liechti: maximal 3er!,s Video vom Anta zu de Typographie,übrigens: es funkt, ihr wüssed weli 2 ich mein ,)
Wie hoch ist die Zahl der Weltbevölkerung?,7.9 Mia,8.6 Mia,10.2 Mia,6.7 Mia
Was beduetet Exposee?,Alles,Aufgedeckt,Mobbing,Anti-Bianca-Initiative
Wie viele Buchstaben hat das Alphabet?,26,30,27,28
Wie entstehen Horkruxe?,Durch Mord und schwarze Magie,Durch Folter und schwarze Magie,Durch schwarze Magie,Durch Geisselung und schwarze Magie
Was ist die beste Schrift?,Comic Sans MS,Calibri,Arial,Times New Roman
Wer hat Comic Sans erfunden?,Vincent Connare,Bill Gates,Thomas Dublin,Ethan Jones
Wie heisst der Hund von Wisse macht Ah?,Lumpi,Wauwau,Wuffi,Laffi
Vieviele Fragen über Afrika gibt es?,unnötig viele,20,19,zu viele
Das Östlichste Land auf dem Kontinent Afrikas?,Somalia,Kenia,Süd Sudan,Madagaskar
Das Westlichste zugehörige Land Afrikas?,Kap Verde,West Sahara,Marokko,Senegal
Ist Fergy53 der beste Newcomer im Deutschrap?,Ja,Nein (untermensch wer nein drückt),Ja aber zum zweiten mal,Ja aber zum dritten mal
Welches ist die heisseste Klasse ?,Med 21/25 (ausgeschlossen Janis),Med 20/24,Med 19/23,Med 18/22
Was sollte man nicht tun?,Natalie seinen Vater zeigen,Anderen Leuten sagen sie sollen aus dem Fenster springe ,Hunde treten,Mit Lehrern vögeln 
Beste quizplattform?,Quuli.ch ,Allgemeinwissen.de,Kahoot,Trivial
Beste Schriftart?,Comic Sans,Calibri,Arial,Helvetica
Heissester Lehrer der HKV?,Christian Sebök,Antonio Anta Brink,Kaspar Iff,Margrit Nägeli
Welches Lebensmittel kann auch als Conditioner benutzt werden?,Apfelessig,Olivenöl,Nutella,Zitronensaft
Wie heisst der autistische Arzt in der Serie The Good Doctor?,Shaun Murphy,Ralph Odd,Simon Niclas,Tom Holland
Was sollten Hunde nicht essen?,Schokolade,Gurke,Hühnchen,Wassermelone
Welche Fähigkeit hat eine Katze nicht?,Lange tauchen,Im Dunkeln sehen,Krallen ein und ausfahren,Durch sehr schmale Öffnungen gelangen
Welches der folgenden Tiere ist kein Insekt?,Spinne,Mücke,Fliege,Ameise
Auf welchem Planeten ist die Wahrscheinlichkeit sehr hoch, dass es Diamanten regnet?,Neptun,Jupiter,Saturn,Merkur
Welche Farbe löst die Emotion der Freiheit aus?,Grün,Violett,Gelb,Rot
Wie viele Planeten befinden sich in unserem Sonnensystem?,Acht,Zehn,Sieben,Neun
Von welcher Firma wurden die Apps Instagram und Whatsapp aufgekauft?,Meta,Facebook,Opera,Google
Welche Krankheit ruft eine Übermenge an Zucker hervor?,Diabetes,Lungenembolie,Blutkörper-Etropose,Lymphknotenschwellung
Wo ist die Briefmarke auf einem Brief?,Rechts oben,rechts unten,links oben,links unten
Wo im Körper befindet sich der kleinste Knochen des Menschen?,Im Ohr,Im kleinen Zeh,Hinter dem Nasenknorpel,Im Daumen
Von welchem Videospiel stammt der Charakter Nathan Drake?,Uncharted,Overwatch,Beyond Two Souls,CSGo
Welches Ereignis führte zu einer der grössten Erkenntniss der Wissenschaft?,Ein Apfel der vom Baum viel.,Ein Schiff, welches einen Wasserfall herunterstürzte,Eine Ameise, welche in einem Wassertropfen ertrank,Ein Vogel, der über dem Kopf von Albert Einstein kreiste
Welches Tier kann seine Augen um 180° drehen, um es im Kampf zu schützen?,Hai,Giraffe,Löwe,Strauss
Welches der folgenden Lebensmittel enthält am meisten Zucker?,Ketchup,Cola,Orangensaft,Ice Tea
Welches der Papierformate ist am grössten?,A3,A4,A6,A8
Welches Tier lebt am längsten?,Schildkröte,Krokodil,Siamesische Katze,Braunbär
Wo leben Pinguine?,Antarktis,Am Äquator,Am Nordpool,Niederlande
Auf welchem Kontinent liegt Australien?,Australien ist ein Kontinent,Afrika,Südamerika,Neuseeland
In welchem Land befindet sich der grösste Staudamm der Welt?,China,Russland,United States,Türkei
Aus was besteht die Mine eines Bleistifts?,Graphit und Ton,Blei,Titan,Kohle
Welchen Teil einer Pflanze sollte man nicht essen?,Den Stiel eines Löwenzahns,Das Herz eines Farns,Einen Neuen Zweig einer Tanne,Eine Kleeblüte
Wo befindet sich der Blinddarm?,Im rechten, unteren Teil des Bauches,Kurz nach dem Magen,Zwischen den Lungenflügeln,Wo sich Dick und Dünndarm kreuzen
Was kann bei einem Schlaganfall passieren?,Einseitige Lähmung des Körpers,Augenzucken,Unkontrollierbares Fusszucken,Absterben der Zehen
Was ist Photosynthese?,Erzeugung von Energie durch Licht,Eine Methode um dunkle Photos zu schiessen,Die Bearbeitung eines Portraitphotos,Die Geburt eines Kuhbabies
Welche Vorliebe hat eine Elster?,Metall klauen,Brot essen,Kurze Abkühlungen in Bächen,Mandeln
Was ist die Durchschnitssgrösse bei Frauen in der Schweiz?,166cm,162cm,160mm,160cm
Was ist die Durchschnittskörpergrösse eines Mannes in der Schweiz?,178cm,180cm,160cm,180mm
Wie hoch ist der grösste Baum der Welt?,84m,101m,63m,324m
Wie gross ist die Erde?,696’340 km,523’340 km,334’340 km,932’340 km
Wie gross ist die Erde?,6’371 km,8’371 km,69’371 km,9’371 km
Wie gross ist der Mond?,1’737.4 km,2’737.4 km,10’737.4 km,5’737.4 km
Wie gross ist die Schweiz?,41’285 km²,201’285 km²,1’285 km²,20’285 km²
Wie gross ist Deutschland?,357’386 km²,322’386 km²,438’386 km²,214’386 km²
Was ist grösser?,1ha,1a,1km,1cm
Wem wird niemals freiwillig angerufen?,Janis,Bianca,Natalie,Max
Was ist grösser?,Ananas,Apfel,Traube,Orange
Wer ist schöner Brad Pitt oder Johnny Depp?,Johnny Depp,Brett Pitt,Alles was die andere Meinung von Natalie,nicht Johnny er ist ein Depp
Wie viele Punkte kriegt man für eine Frage?,100,200,50,5
Wer ist Papi?,Ist ein Geheimnis,Ja ein Vater natürlich,ein Samenspender,keine Ahnung frag natalie
Was gibt es nicht in der Google-Leiste?,Figuren,Alle,Shopping,Mehr
Wann kommt der Samichlaus?,Am 6. Dezember,An Weihnachten,An Silvester,Am dritten Advent
An was fehlt es einigen Schülern der Med 21/25?,Humor,Fachkompetenz,Anstand,Allgemeinwissen
Welches Lebensmittelart steht in der Ernährungspyramide ganz Unten ?,Getränke,Fleisch und Fisch,Gemüse,Snacks
Welches Wort gibt es nicht?,Überwasserdehydration,Joghurtdrink,Finanzdienstleistungsunternehmen,Veranstaltungsinformationsdienst
Wer ist am nervigsten im Unterricht?,Janis,Bianca,Natalie,Bianca und Natalie
Welche Buchreihe gibt es nicht?,Wasserhaut,Harry Potter,Die Tribute von Panem,Eisenwolf
Was sagt man wenn einem einen Hallo sagt?,Nein danke (schüttelt die Hand höflich),Grüezi,Hoi gahsch au ham,Tschau
Aus welchem Land kommt Pizza?,Italien,Frankreich,Spanien,Deutschland
Welche Kerzenmarke gibt es?,Yankee Candle,Wanhau Candle,Rose Candle,Feldimau Candle
Aus welchem Land kommt Baguette?,Frankreich,Italien,Österreich,Schweiz
Was ist ein Berufsbildner?,Ein Freund,Ein Professor,Ein Chef,Jemand aus der Buchhaltung
Welche Kaugummimarke gibt es nicht?,V8,Stimorol,Wubba Bubba,Orbit
Wie hoch ist der Kalorienbedarf eines Erwachsenen?,2400 Kalorien,4000 Kalorien,1000 Kalorien,250 Kalorien
Woran erkennt man seine heimlichen Verehrer?,Kaputte Schuhe,Einer Erektion,Roter Pulli,Mundgeruch
Welche Firma gibt es nicht?,Wubblefire,Digital Republic,Carand'ache,Coop
Was steckt in Kaffee?,Koffein,Teein,Colain,Kokain
Wie alt kann ein Pazifischer Nordkaper werden?,70 Jahre,200 Jahre,300 Jahre,1000 Jahre
Wie alt wird ein Tiger?,8-10 Jahre,10-12 Jahre,12-14 Jahre,2-3 Jahre
Welche Affenart kommt einem Menschen am nächsten?,Schimpanse,Orang Utan,Gorilla,Homo
Wie alt wird ein Löwe?,10-15 Jahre,8-14 Jahre,13-18 Jahre,2-3 Jahre
Wie alt wird ein Leopard?,12-17 Jahre,15-17 Jahre,20-22 Jahre,14-15 Jahre
Welche Insektenart hat keine Königin?,Mücken,Bienen,Ameisen,Wespen
Wer ist böse?,Maximator,Sister M,MAxims moral,Maxim
Wie alt wird eine Hauskatze?,2-16 Jahre,bis sie stirbt,12-18 Jahre,5-20 Jahre
Wie alt wird eine Erdkröte?,10-12 Jahre,5-7 Monate,3-4 Monate,4-8 Jahre
asd?,jhkl,lk,klljk,kjlk
Welches Lebensmittel ist kein Lebewesen?,Malzena,Pilz,Backhefe,Schaf
Was ist der grösste Berg?,Natalies Berg von Problemen,Mount Everest,Degu Scheisshaufen,Alle Antworten sind gleich
Wie groß ist die größte Schlangenart?,9 m,5 m,13 m,22 m
Wie alt wird ein Dingo?,13-15 Jahre,15-19 Jahre,12-14 Jahre,3-5 Jahre
Welchen Vogel gibt es nicht?,Feuervogel,Emu,Kolibri,Eisvogel
Was stinkt mehr?,Fructuoso,Scheisse,Furz,Kotze
Wer schrieb das Buch Erebos?,U. Poznanski,U. Poznansky,V. Poznonski,U. Poznonsky
Was war gelb und ist nun Weiss?,Huhn,Ei,Wasser,Jogurt
Welche Farben hat ein Jonglierball?,grün blau gelb rot,blau gelb rot violett,gelb rot schwarz weiss,rot blau schwarz weiss
Welche farbe hat ein basketball?,orange,blau,orange mit leichtem rotstrich,orange mit leichtem gelbstrich
Alli mini entli...?,...haben meine hausaufgaben gegessen,...schwimmen auf dem see,...köpfchen in das Wasser,...schwäntzchen in die höh
Welche Farben hat ein Fussball?,schwarz weiss,grau blau,grau schwarz,dreckig
Wie alt ist Natalie?,11 ,15,14,16
Wie viel wiegt einer Tiger?,Locker ne Tonne,Drei Bären,Zwei Melonen,Tick Trick und Track
Wer ist vergleichbar mit picasso?,leonardo di caprio,Emil nägeli,auf keinen Fall natalie,picasso ist unvergleichbar one and only
Welche Farbe hat Quuli?,blau,grün,gelb,rot
Welches ist das teuerste Bild der Welt?,Salvator Mundi,Mona Lisa,Wassermond,Rotgelbes Wunder
Wieso sitzt man im MC draussen?,Man ist nicht geimpft,Man hat Hausverbot,Man will noch ein bitzli die frische Luft geniessem,Man findet die Stühle draussen einfach gmüätlich
Welches Bild wurde nicht von Da Vinci gemalt?,Sternennacht,Salvator Mundi,Mona Lisa,Das Abendmal
Was hat Van Gogh getan?,sein Ohr abgeschnitten,Menschen ermordet,Tiere quälen,das Internet erfunden
Wer kann hacken?,ein hacker,bianca,bianca,acnaib
Was sollte man in der in der Familie nicht tun?,Es zu sehr treiben,Sich schlagen,Gemeinsam frühstücken,Quuli spielen
Wie alt war Van Gogh als er starb?,37,22,57,72
Wann lebte Van Gogh?,1853 -1890,1857 -1893,1822 -1834,1821 -1856
Wann starb Van Gogh?,29. Juli 1890,30. August 1898,22. Mai 1894,18. September 1891
Bitte füllen Sie hier eine Frage ein?,gehen Sie jetzt sterben,Beantworten Sie die Frage,Tippen Sie antworten rein,tippen sie NUR eine Antwort ein
Wer stirbt als erstes?,Wahrscheinlich bianca tbh,probably bianca,Maxim würde niemals sterben wegen seiner krassen vergangenheit,100% Maxim
Welcher Schauspieler ist in Titanic kläglich untergegangen, obwohl er auf die Tür gepasst hätte?,Leonardo di Caprio,Tom Holland,Tom Cruise,Dwayne Jonson
Welche Wasserfarbenmarke gibt es nicht?,Schaffhauser Nachrichten,Carand D'Ache,Van Gogh,White Nights
mathe?,Nein,voll cool,mega krass,extra wyld
Wie viel wiegt ein totenkopf?,google selber wenn dus wissen willst,3 kilogramm,locker eine tonne,567.93821 gramm
Welcher Tom ist nicht von England?,Tom Cruise,Tom Holland,Tom Hiddleston,Tom Felton
Welche Preisstrategie existiert nicht?,Superbilligstrategie,Übervorteilungsstrategie,Premiumsstrategie,Billigstrategie
Wie viele Spieler sind in einer Fussballmannschaft?,11,12,14,9
Welchen Handballferein gibt es nicht?,Löwen-König-Schweiz,THW Kiel,Rhein-Neckar-Löwen,Wacker Thun
Welchen Sport gibt es nicht?,Jogurtessen,Gaming,Hight heels run,Gummistiefelweitwurf
Mit welchem Tier wird reiten betrieben?,Pferd,Nilpferd,Kuh,Kamel
Wie lange ist eine Bahn in einem Schwimmbad?,25m,20m,30m,50m
Welche Sportart gibt es?,Air Sex,Wasserweitwurf,Run in a circle,plant growing
Wie lange ist ein Marathon?,42.195 km,43 km,40 km,35 km
Welche Sportart ist Tradition in der Schweiz?,Schwingen,Handball,Waterboarding,Fussball
Welche Sportart mit dem Fahrrad gibt es nicht?,Mountain Hill,Cyclocross,Downhill,BMX
Welche Sportart ist Tradition in der Schweiz?,Hornussen,Speerwerfen,Kugelstossen,Klettern
Welches ist der grösste Knochen im menschlichen Körper?,Oberschenkelknochen,Kieferknochen,Wadenknochen,Speiche
Welches ist das grösste Organ?,Haut,Lunge,Darm,Magen
Ab wann sind Morddrohungen erlaubt?,Ab 8:30,Nie,Immer,Mit vertraglicher Einverständnis
wie schüttelt man richtig die Hand?,man bricht zuerst seinen daumen,mit einem lächeln im gesicht,erst in die hand spucken,hä mit dem ellbogen natürlich wir sind hier in einer pandemie
Was bedeutet BBQ?,Barbeque,Babe Que,Barbies Quest,Best Bro Qrule
Weshalb halten manche Menschen Hunde?,Nahrungsmittel,Morgenesse,Mittagessen,Abendessen 
Wie schnell ist Lichtgeschwindigkeit?,unbestimmt,300'000 km/s,280'000 km/s,320'000 km/s
Wenn ein Baum wächst, wie viele schnecken sind dann im Zug?,Nein,3.4,3,Ja
Wie viele Schriftarten gibt es?,zu viele ,wenig,genug,lange 
Für was steht der Begriff LAN?,Local Area Network,Last attack north,Local Attire Notch,Lending All Networks
Was war die grösste Inspiration für Ann Demeulemeester?,Patti Smith,Joy Division,Horacio Pagani,Daughters
Wo hat Horacio Pagani gearbeitet bevor er seine eigene Firma gegründet hat?,Lamborghini ,Ferrari,Fiat,DeTomaso
Wie viele Vector W8 wurden gebaut? (Ohne Prototypen)?,17,19,2,100
Wann hat Nas sein erstes Album veröffentlicht?,1994,1998,2001,1987
Was ist eine Rohbilddatei?,Nicht komprimiertes Bild,Komprimiertes Bild,Ein Programm,Musikrichtung
Wenn man eine Raw-Datei in PSE öffnet, wie nenn sich das offene Fenster?,Camera Raw,Foto Raw,Bild Raw,Picture Raw
Was zeigt ein Histogramm an?,Tonwerte aller Farbkanäle,Tonwerte der schwarz-weiss Farbkanäle,Farbwerte,Rot und Blau masse
Was macht ein Weissabgleich?,Korrektur der Lichttemperatur,Helligkeit anpassen,Farben verändern,Tonwerte anpassen
Was bestimmt der Betrag?,Wie stark der Kontrast erhöht wird von der Schärfe,Wie stark die Farben vertieft werden,Wie die Auflösung eines Bildes ist,Die Hellikeit
Was macht der Radius im Bezug auf den Betrag?,Breite des Konturbereichs, an welchem die Kontrasterhöhung greift,Auflösung des Bildes,Farbramen zur Bestimmung der Farbtiefe,Tiefe der Dunkelheit
Was löst starkes Rauschen aus?,Geringe Helligkeit und hoher ISO-Wert,Tiefe Farbdichte,Hohe Farbdichte,Schnelle Bewegung beim Aufnehmen des Bildes
Was macht niedriger Luminanz-Wert?,Starke Entrauschung der Bilder,Stark rauschende Bilder,Hohe Bildauflödung,Keine Wirkung
Was ist der Nachteil von niegrigem Luminanz-Wert?,Unscharfe Details,Allgemeine Unschärfe,Grosse Pixel,Farbverblassung
Was ist ein Vortei eined Grafiktabletts?,Direkte Digitalisierung,Hilfe beim malen,Keine Akkuprobleme,Ist billiger
Was ist ein Grafiktablett?,Ein Gerät um darauf zu malen,Eine Fläche um Sachem zu servieren,Ein Hut,Etwas Unnötiges
Was generiert ein Formwerkzeug?,Vektorobjekte,Pixelobjekte,Ein Textfeld,Jogurt
Was ist speziell an Vektorobjekten?,Verlustfreie Skalierung,Kleine Formen möglich,Bessere Farbauflösung,Langsamerer Stromverbrauch
Was ist nicht mit den Werkzeugoptionen möglich?,Ein Textfeld krumm machen,Feste Grösse bei einem Rechteck festlegen,Einen Kreis machen,Linie mit Pfeilspitzen einfügen
Mit welcher Taste kann man beim Buntstift eine gerade Linie zeichnen?,Shift,Ctrl,Alt,Ctrl + Alt
Welchen dieser Einflüsse gibt es nicht auf unsere Farbwahrnehmung?,Gedankliche Grundlagen,Biologische Grundlagen,Kulturelle Grundlagen,Individuelle Grundlagen
Welche dieser Farben nehmen wir am intensivsten auf?,Rot,Blau,Gelb,Grün
Von welcher dieser Eigenschaften ist die Farbdarstellung eines Monitors nicht abhängig?,Beliebtheit des Herstellers,Farbkalibrierung,Computer und Betriebssystem,Farbraum welcher der Computer kann
Wie viele Farben sind mit dem RGB Farbraum möglich?,ca. 16.77 Millionen,ca. 19.50 Millionen,ca. 10.60 Millionen,ca 30.56 Millionen
Welcher Farbraum ist am grössten?,Adobe RGB,sRGB,CMYK,HSB
Wenn würdest du eher fett Boxen?,Janis,Finn,Maxim,Bianca
Wer hat alle Afrika Fragen gestellt?,der Namenlose,David Ruh,Neslon Mandela,unbenannt
Welches ist der beste Laptop in MED21/25?,HP Elitebook,Lenovo ThinkPad ,Lenovo Yoga ,Microsoft
What does she ...?,Düüü,do,eat,have
Was muss man tun, dass etwas funktioniert?,Es aktivieren,Nichts,alles,kommt drauf an
Welche deutsche Serie gibt es nicht?,Mein Haus, dein Haus,Bauer ledig sucht,Frauentausch,Schwiegertochter gesucht
was ist David?,Darvida,eins David,Davide,Davad
Wer ist eigentlich Maximator?,Maxim,Quuli.ch,Bianca,Natalie
Weshalb ist Garigliano unser Lieblingslehrer?,Garigliano,Er gibt Deutsch,Er hasst uns NOCH nicht,Er gibt uns Deutsch geschichte
Wann macht es sinn die Laufweite zu verkleinern?,Bei grossen Schriften,Bei kleinen Schriften,Bei Serifen Schriften,Bei Fantasy Schriften
Wie heisst eigentlich das Thema?,Typografie,Memographie,Medien,Logos
Bis wann waren gebrochene Schriften üblich?,1941,1973,1950,1921
Was sind Versalien?,Grossbuchstaben,Kleinbuchstaben,Zahlen,Schräge Buchstaben
Welchen dieser Schriftstile gibt es nicht?,Rounded,Italics,Bold,Thin
Welches dieser Formate ist keine Outline Schriftformat?,Fon,OpenType,TrueType,PostScript
Welche dieser Schriften ist aus unserer sicht nicht fremd?,Latein,Chinesisch,Hebräisch,Arabisch
Womit beschäftigt sich das Screendesign?,Präsentation von inhalten auf Monitoren,Der Bauweise von Monitoren,Der Farbtechnik von Bildschirmen,Dem Layout von Zeitungen
Wer ist kein Sportler?,Marcel Eri,Marcel Sabitzer,Marcel Halstenberg,Marcel Schmelzer
Wer ist kein Sportler?,Marcel Eris,Marcel Schmelzer,Marcel Sabitzer,Marcel Halstenberg
Wie hoch ist der Mount Everest?,8848m,7874m,10'230m,6646m
Auf welchem Kontinent liegt Kanada?,Nordamerika,Südamerika,Afrika,Europa
Was ist speziell an einem Anglerfisch?,Er hat eine Laterne am Kopf,Er wird weiss wenn er stirbt,Er wird bis zu 13 Meter lang,Es gibt nur Männchen
Was ist speziell an Seepferdchen?,Der Vater trägt die Babys aus,Man kann sie reiten,Sie können wie ein Chamäleon die Farbe ändern,Sie können aus dem Wasser springen
Was ist das grösste, das ein Blauwal verschlingen kann?,Grapefruit,Mensch,Erbse,Auto
Welches der Metalle ist bei Raumtemperatur flüssig?,Quecksilber,Gold,Aluminium,Titan
Was ist kleiner als ein Atom?,Elektronen, Protonen und Neutronen,Bakterien,Pixel,Menschliche Zelle
Wie lange würde eine Zugfahrt zum Mond dauern?,16 Tage,3 Monate,48 Stunden,1 Jahr
Was liegt auf der Oberfläche des Mondes?,Gesteinspulver,Beton,Staub,Schnee
Wie wird die Erde auch genannt?,Der blaue Planet,Die blaue Kugel,Der bewohnte Planet,Der eisige Planet
Welches Musikvideo auf Youtube hat die meisten Dislikes?,Despacito - Luis Fonsi/Daddy Yankee,Baby - Justin Bieber,How it is - Bibis Beauty Palace,Dame tu Cosita - ...
Warum ist Facebook blau?,Zuckerberg hat eine Rot-Grün-Schwäche,Weil es ans Meer erinnert,Weil Zuckerberg die Farbe schön fand,Einfach aus reinem Zufall
fasljdf?,jfashd,eine Fishermans Friend Sorte,Bianca,Maxim
woher ist Maxims Uhr?,Er hat sie einem Kind geklaut,Aus dem Darknet,Er hat sie gekauft,einen Kuh hat sie gekackt
Wer ist positiv?,Janis und Emily,Jaun,dä mädder,t Linsi
Wer ist entjungfert worden?,Maxim's Nase,Natalie (eh niä),Juan,Herr Liächti
Wie viele Tage hat der Februar normaler weise?,28,29,30,31
Wie heisst der Amerikanische Börsenindex?,Nasdaq,Nesdaq,SMI,FLOWWRAP
Wie viele Staaten hat die USA?,50,52,39,76
Wer ist der Aktuelle Präsident von den USA?,Joe Biden,Donald Trump,Martin Luther King,George Bush
Was ist der Nördlichste Kanton der Schweiz?,Schaffhausen,Jura,Basel,Tessin
Wer war Charlie Chaplin?,Schauspieler,Diktator,Erfinder,Entdecker
Welcher dieser Staaten gehörte nicht zur ehemaligen Sowjet Union?,China,Russland,Ukraine,Polen
Welcher Staat der USA ist für seine Orangen bekanntq?,Kalifornien,Florida,Texas,New Mexiko
Weshalb ist orange schlecht?,Weil Xenia es jeden Tag sieht.,Weil Melih es jeden Tag sieht.,Weil Robin es jeden Tag sieht.,Weil MAXIMATOR dies bestummen hat.
Wie lange ging der flug zum mond der apollo 11 Rakete?,3 Tage,4 Tage,22 Stunden,5 Tage
Welches Tier wird am meisten verspeist (Asia style)?,Hund,Südafrikanischer riesen Gecko,Arabischer Seeadler,Dreibeiniger Kiessalamander
Welcher Lehrer verfügt über einen geschwächten Nacken?,Herr Liechti,Herr Keller,Herr Bührer,Herr Anta Brink
Womit wird der Laptop am besten geschützt?,Mit einer herkömlichen Brotdose, welche am besten noch vergammelte Tomatenscheiben in sich trägt,Laptoptasche,Türkischer Feuermagnetsafe mit extra scharfen Knöpfen,Einer steinigen, rostbefreiten teamfähigen Handyhülle
Welcher hochbegabte Bildgestalter verwirklichte im Jahre 187 n. C. eine Statue welche den Namen Lancelot Supersad trägt?,DEROPA,Leonarda Do Vinicium,Vaginiale Membranium,Joachim Schänder der 3.
Mit welcher eigenartiger Flüssigkeit vermischte man im späten 18. Jahrhundert die Schweisstropfen von Kleopatra?,Mit gar nichts du wiederliches Schwein, ich verg*se deine Generation und entnehme die Niren deines noch kommenden Kindes du vom Boden aufgelesener Mehlsack mit Fischgeruch,Mit der frischen Klosterfrucht,Mit grobkörnigen Arkensenf04.2024 13:34,DELETED
Was ist Moschus?,Hirschduft um Weibchen anzulocken.,Route 66,trick question sie kriegt zwillinge,juan
Wo war der Amerikanische Wilde Westen?,Westlich vom Missisppi,Südamerika,Kanada,Mexico
Was ist Wlan?,Wireless local area Networt,Wolf lottery antonym,Weather loan,Worthless archer network
Welche dieser Mondmissionen ging schiff?,Apollo 13,Apollo 11,Apollo 2,Apollo 15
Wer sagte <i>I have a dream</i>?,Martin Luther King,Barack Obama,JF Kennedy,Maozedong
Wann kam der erste Crocodile Dundee Film Heraus?,1986,1978,1990,1994
Welche dieser Pferde Rassen ist gefleckt?,Apaloosa,Andalusier,Lipizaner,Palomino
A?,S,Samsung,Apollo 13,Apollo 11
Was ist Lumbago?,Hexenschuss,Herzstillstand,Knochenbruch,Haarverlust
Bei wem liegt die Beweislast?,Bei dem der die Bauhauptung macht,Beim Richer,Bei den Anwälten,Bei der Gerichtspolizei
Welcher dieser Faktoren spielt die grösste Rolle im Thema?,Recht,Sitte,Moral,Verpflichtung
Was ist Moral?,Was du für richtig hältst,Was das Recht für richtig hält,Was die Gesellschaft für richtig hält,Was deine Freunde für richtig halten
Welches gehört nicht zu den Grundpfeilern des Rechtstaatsprinzip?,Rechtsmittelbelehrung,Grundrechte Schützen,Gewaltenteilung,Legalitätsprinzip
Aus was besteht Käse?,Milch,Rahm,Butter,Äpfeln
Wie heisst das Label von Fat Joe?,Terror Squad,Rap Divison,Harlem Records,RocAFella
Was ist Anta Brinkisch für Ruhe?,Silenzium,Schnauze,Seit mal alle leise,Böser Blick
Welche Sportart war die erste mit einer WM?,Billard,Fussball,Handball,Cricket
Was ist der höchste Berg?,Mount Everrest,Mont Blanc,Monte Negro,Rock Mountains
Von welcher Firma ist die Fotobearbeitungs Software Photoshop?,Adobe,Dell,Microsoft,Libre Office
Welches ist die Antwort auf alle Fragen der Welt?,it all depends,darum,ist so weil ist so, bleib so weil war so,weiss nicht
Unter welchem Namen ist die müstische Pflanze gegen Werwölfe namens Eisenhut auch bekannt?,Wolfswurz,Wolfszuge,Renatode,Aktuzent
Welches ist das beliebtestet Ton Datei Format?,MP3,MP4,WAV,FORM
In einem Teilchenmodell: Wie sind die Teilchen im flüssigen Aggregatszustand angeordnet?,Unstrukturiert / Dicht beieinander / bewegt sich um andere Teilchen umher,Strukturiert / Dicht beieinander / feste Platzierung,Unstrukturiert / Dicht beieinander / bewegt sich frei im Raum,Strukturiert / Dicht beieinander / bewegt sich um andere Teilchen
